{
    "epochs": [
        0,
        1,
        2,
        3,
        4,
        5,
        6,
        7,
        8,
        9,
        10,
        11,
        12,
        13,
        14,
        15,
        16,
        17,
        18,
        19
    ],
    "train_loss": [
        8.194721349080403,
        2.1730705122152965,
        1.7478228052457174,
        1.7178200893104076,
        0.9507157584031423,
        1.0376879811286925,
        0.9244195818901062,
        0.8192257424195607,
        0.7263302703698477,
        0.7728957613309224,
        0.7486313343048095,
        0.9830765287081401,
        0.8530605236689249,
        0.7825782616933187,
        0.734699206550916,
        0.588202765583992,
        0.7605325281620026,
        0.9212356090545655,
        0.8851883172988891,
        0.7503675560156504
    ],
    "train_acc": [
        0.3375,
        0.4666666666666667,
        0.5166666666666667,
        0.55,
        0.6125,
        0.5958333333333333,
        0.625,
        0.65,
        0.7125,
        0.7125,
        0.7416666666666667,
        0.6375,
        0.5791666666666667,
        0.6708333333333333,
        0.6666666666666666,
        0.7375,
        0.6416666666666667,
        0.5916666666666667,
        0.5708333333333333,
        0.675
    ],
    "test_loss": [
        1.5506773591041565,
        2.016084575653076,
        1.7894635915756225,
        1.69478600025177,
        1.3414041996002197,
        1.2126856446266174,
        1.3116074085235596,
        1.4149358034133912,
        1.3191233992576599,
        1.0998255014419556,
        1.369705319404602,
        1.2663172721862792,
        0.9756625056266784,
        1.009190809726715,
        1.4807554602622985,
        1.1935619831085205,
        1.6534928321838378,
        1.1467682600021363,
        1.0673835277557373,
        1.0750552058219909
    ],
    "test_acc": [
        0.37272727272727274,
        0.25,
        0.4727272727272728,
        0.39886363636363636,
        0.42386363636363633,
        0.5034090909090909,
        0.4647727272727272,
        0.41818181818181815,
        0.4920454545454545,
        0.5215909090909091,
        0.425,
        0.45,
        0.6022727272727273,
        0.5102272727272728,
        0.4409090909090909,
        0.49772727272727274,
        0.4431818181818182,
        0.5147727272727273,
        0.5568181818181819,
        0.4670454545454545
    ]
}