{
    "epochs": [
        0,
        1,
        2,
        3,
        4,
        5,
        6,
        7,
        8,
        9,
        10,
        11,
        12,
        13,
        14,
        15,
        16,
        17,
        18,
        19
    ],
    "train_loss": [
        1.7739341259002686,
        0.9035856703917186,
        0.7484691182772318,
        0.7442214548587799,
        0.7808550417423248,
        0.6435597181320191,
        0.56219415863355,
        0.5270175725221634,
        0.42250258326530454,
        0.30517623325188953,
        0.3116742471853892,
        0.20999162246783573,
        0.28087343523899716,
        0.458457750082016,
        0.5400336702664693,
        0.477922988931338,
        0.26200649216771127,
        0.1881499843361477,
        0.25411858956019084,
        0.16980616350968677
    ],
    "train_acc": [
        0.35833333333333334,
        0.5541666666666667,
        0.6708333333333333,
        0.6083333333333333,
        0.6333333333333333,
        0.6916666666666667,
        0.7083333333333334,
        0.7875,
        0.8333333333333334,
        0.8875,
        0.9083333333333333,
        0.9208333333333333,
        0.8708333333333333,
        0.825,
        0.8041666666666667,
        0.8375,
        0.9166666666666666,
        0.9208333333333333,
        0.9125,
        0.9583333333333334
    ],
    "test_loss": [
        1.1869303822517394,
        1.3477155566215515,
        0.9747015357017517,
        1.2407492101192474,
        0.9518622249364853,
        1.4218142747879028,
        0.9541719794273377,
        0.7900681555271148,
        0.9448520839214325,
        1.1366991639137267,
        1.053009283542633,
        1.0394125938415528,
        1.2810688734054565,
        1.0957715392112732,
        1.2043403387069702,
        1.6333563089370728,
        0.9723956644535064,
        1.117229402065277,
        1.2052152037620545,
        1.1206809759140015
    ],
    "test_acc": [
        0.2375,
        0.2375,
        0.4795454545454545,
        0.5352272727272728,
        0.6022727272727273,
        0.43636363636363634,
        0.5909090909090909,
        0.6579545454545455,
        0.7272727272727273,
        0.6329545454545455,
        0.6204545454545455,
        0.6647727272727273,
        0.5965909090909091,
        0.6579545454545455,
        0.6454545454545455,
        0.5784090909090909,
        0.7204545454545455,
        0.6261363636363637,
        0.6590909090909091,
        0.6829545454545455
    ]
}