{
    "epochs": [
        0,
        1,
        2,
        3,
        4,
        5,
        6,
        7,
        8,
        9,
        10,
        11,
        12,
        13,
        14,
        15,
        16,
        17,
        18,
        19,
        20,
        21,
        22,
        23,
        24
    ],
    "train_loss": [
        1.6909703463315964,
        1.033265843987465,
        0.859884463250637,
        0.7142787035554647,
        0.7124323546886444,
        0.806357454508543,
        0.7020644508302212,
        0.691804938018322,
        0.668521910905838,
        0.532073836773634,
        0.5880625024437904,
        0.5158837102353573,
        0.47702881693840027,
        0.6500945724546909,
        0.6175746358931065,
        0.3635659700762517,
        0.41444987058639526,
        0.33978113904595375,
        0.29995677806437016,
        0.35013664327561855,
        0.4088974241167307,
        0.2856369949877262,
        0.2914851510140579,
        0.2175078634172678,
        0.26309253834187984
    ],
    "train_acc": [
        0.359375,
        0.46484375,
        0.515625,
        0.7109375,
        0.63671875,
        0.66796875,
        0.6875,
        0.62890625,
        0.7265625,
        0.78515625,
        0.671875,
        0.828125,
        0.81640625,
        0.703125,
        0.7734375,
        0.83984375,
        0.859375,
        0.83984375,
        0.91015625,
        0.88671875,
        0.73828125,
        0.859375,
        0.87890625,
        0.921875,
        0.90625
    ],
    "test_loss": [
        1.0953052043914795,
        1.0902787446975708,
        1.0173796614011128,
        1.1074758966763814,
        0.9537746707598368,
        1.0876364906628926,
        0.9274717370669047,
        1.312623421351115,
        0.97791055838267,
        1.2967947721481323,
        1.3538864453633626,
        1.0598417520523071,
        1.0293135245641072,
        1.2445817589759827,
        1.3394607305526733,
        1.0229329466819763,
        1.1103381315867107,
        1.3646146655082703,
        0.9742415547370911,
        1.3367128570874531,
        1.2571362257003784,
        1.1568843722343445,
        1.635294993718465,
        1.2965118090311687,
        1.4270563125610352
    ],
    "test_acc": [
        0.2604166666666667,
        0.5625,
        0.5416666666666666,
        0.3636363636363636,
        0.5852272727272728,
        0.4034090909090909,
        0.5142045454545454,
        0.4753787878787879,
        0.555871212121212,
        0.47632575757575757,
        0.4441287878787879,
        0.5473484848484849,
        0.5265151515151515,
        0.5568181818181818,
        0.4545454545454546,
        0.5359848484848485,
        0.555871212121212,
        0.5473484848484849,
        0.6070075757575758,
        0.5464015151515151,
        0.6079545454545454,
        0.6998106060606061,
        0.5473484848484849,
        0.6278409090909091,
        0.5482954545454546
    ]
}